{
  "Arsenal": {
    "title_prob": 0.98765,
    "top4_prob": 1.0,
    "relegation_prob": 0.0,
    "expected_points": 82.3393,
    "position_distribution": [
      0.98765,
      0.0123,
      5e-05,
      0.0,
      0.0,
      0.0,
      0.0,
      0.0,
      0.0,
      0.0,
      0.0,
      0.0,
      0.0,
      0.0,
      0.0,
      0.0,
      0.0,
      0.0,
      0.0,
      0.0
    ]
  },
  "Man City": {
    "title_prob": 0.01235,
    "top4_prob": 0.9981,
    "relegation_prob": 0.0,
    "expected_points": 71.57315,
    "position_distribution": [
      0.01235,
      0.8389,
      0.1199,
      0.02695,
      0.0017,
      0.0002,
      0.0,
      0.0,
      0.0,
      0.0,
      0.0,
      0.0,
      0.0,
      0.0,
      0.0,
      0.0,
      0.0,
      0.0,
      0.0,
      0.0
    ]
  },
  "Man United": {
    "title_prob": 0.0,
    "top4_prob": 0.9158,
    "relegation_prob": 0.0,
    "expected_points": 66.0705,
    "position_distribution": [
      0.0,
      0.0939,
      0.5526,
      0.2693,
      0.0607,
      0.0171,
      0.00485,
      0.0012,
      0.00025,
      0.0001,
      0.0,
      0.0,
      0.0,
      0.0,
      0.0,
      0.0,
      0.0,
      0.0,
      0.0,
      0.0
    ]
  },
  "Aston Villa": {
    "title_prob": 0.0,
    "top4_prob": 0.8252,
    "relegation_prob": 0.0,
    "expected_points": 64.46715,
    "position_distribution": [
      0.0,
      0.05295,
      0.27775,
      0.4945,
      0.12225,
      0.0356,
      0.01225,
      0.00345,
      0.0009,
      0.0003,
      5e-05,
      0.0,
      0.0,
      0.0,
      0.0,
      0.0,
      0.0,
      0.0,
      0.0,
      0.0
    ]
  },
  "Liverpool": {
    "title_prob": 0.0,
    "top4_prob": 0.1435,
    "relegation_prob": 0.0,
    "expected_points": 59.0811,
    "position_distribution": [
      0.0,
      0.00105,
      0.03185,
      0.1106,
      0.3431,
      0.20725,
      0.13515,
      0.07895,
      0.04655,
      0.0257,
      0.0131,
      0.00495,
      0.0016,
      0.00015,
      0.0,
      0.0,
      0.0,
      0.0,
      0.0,
      0.0
    ]
  },
  "Chelsea": {
    "title_prob": 0.0,
    "top4_prob": 0.07045,
    "relegation_prob": 0.0,
    "expected_points": 57.97185,
    "position_distribution": [
      0.0,
      0.0007,
      0.0124,
      0.05735,
      0.22905,
      0.258,
      0.1724,
      0.1159,
      0.07195,
      0.0433,
      0.0237,
      0.01125,
      0.0034,
      0.0006,
      0.0,
      0.0,
      0.0,
      0.0,
      0.0,
      0.0
    ]
  },
  "Brentford": {
    "title_prob": 0.0,
    "top4_prob": 0.0199,
    "relegation_prob": 0.0,
    "expected_points": 55.8585,
    "position_distribution": [
      0.0,
      5e-05,
      0.0025,
      0.01735,
      0.0915,
      0.16325,
      0.192,
      0.1634,
      0.1375,
      0.09735,
      0.0677,
      0.0421,
      0.0194,
      0.0057,
      0.0002,
      0.0,
      0.0,
      0.0,
      0.0,
      0.0
    ]
  },
  "Everton": {
    "title_prob": 0.0,
    "top4_prob": 0.0143,
    "relegation_prob": 0.0,
    "expected_points": 55.37115,
    "position_distribution": [
      0.0,
      0.00015,
      0.00195,
      0.0122,
      0.07545,
      0.1305,
      0.1659,
      0.1678,
      0.1438,
      0.117,
      0.0898,
      0.05415,
      0.03105,
      0.0099,
      0.00035,
      0.0,
      0.0,
      0.0,
      0.0,
      0.0
    ]
  },
  "Fulham": {
    "title_prob": 0.0,
    "top4_prob": 0.00345,
    "relegation_prob": 0.0,
    "expected_points": 53.16615,
    "position_distribution": [
      0.0,
      0.0,
      0.00035,
      0.0031,
      0.02295,
      0.0505,
      0.08595,
      0.12085,
      0.14465,
      0.1531,
      0.1424,
      0.13325,
      0.09845,
      0.0415,
      0.0028,
      0.00015,
      0.0,
      0.0,
      0.0,
      0.0
    ]
  },
  "Brighton": {
    "title_prob": 0.0,
    "top4_prob": 0.0035,
    "relegation_prob": 0.0,
    "expected_points": 53.22195,
    "position_distribution": [
      0.0,
      0.0,
      0.00035,
      0.00315,
      0.021,
      0.05095,
      0.0803,
      0.11665,
      0.13835,
      0.1584,
      0.15395,
      0.13495,
      0.0962,
      0.04085,
      0.00485,
      5e-05,
      0.0,
      0.0,
      0.0,
      0.0
    ]
  },
  "Sunderland": {
    "title_prob": 0.0,
    "top4_prob": 0.00505,
    "relegation_prob": 0.0,
    "expected_points": 53.43155,
    "position_distribution": [
      0.0,
      0.0,
      0.0003,
      0.00475,
      0.02445,
      0.0548,
      0.08465,
      0.11295,
      0.13615,
      0.1585,
      0.15905,
      0.13715,
      0.09045,
      0.03275,
      0.00375,
      0.0003,
      0.0,
      0.0,
      0.0,
      0.0
    ]
  },
  "Newcastle": {
    "title_prob": 0.0,
    "top4_prob": 0.00035,
    "relegation_prob": 0.0,
    "expected_points": 50.95005,
    "position_distribution": [
      0.0,
      0.0,
      0.0,
      0.00035,
      0.00345,
      0.0126,
      0.02865,
      0.04935,
      0.07685,
      0.1038,
      0.14035,
      0.18555,
      0.22335,
      0.1511,
      0.0221,
      0.0022,
      0.0003,
      0.0,
      0.0,
      0.0
    ]
  },
  "Bournemouth": {
    "title_prob": 0.0,
    "top4_prob": 0.00035,
    "relegation_prob": 0.0,
    "expected_points": 51.33635,
    "position_distribution": [
      0.0,
      0.0,
      0.0,
      0.00035,
      0.004,
      0.0168,
      0.0323,
      0.05755,
      0.0807,
      0.1055,
      0.14525,
      0.1815,
      0.2086,
      0.1437,
      0.02135,
      0.00235,
      5e-05,
      0.0,
      0.0,
      0.0
    ]
  },
  "Crystal Palace": {
    "title_prob": 0.0,
    "top4_prob": 5e-05,
    "relegation_prob": 0.0003,
    "expected_points": 48.2583,
    "position_distribution": [
      0.0,
      0.0,
      0.0,
      5e-05,
      0.0004,
      0.00245,
      0.0055,
      0.01195,
      0.0222,
      0.0358,
      0.0619,
      0.10835,
      0.1987,
      0.443,
      0.09005,
      0.01715,
      0.0022,
      0.0003,
      0.0,
      0.0
    ]
  },
  "Leeds": {
    "title_prob": 0.0,
    "top4_prob": 0.0,
    "relegation_prob": 0.04975,
    "expected_points": 42.30185,
    "position_distribution": [
      0.0,
      0.0,
      0.0,
      0.0,
      0.0,
      0.0,
      0.0001,
      0.0,
      0.00015,
      0.00105,
      0.002,
      0.0048,
      0.0205,
      0.0814,
      0.4801,
      0.2461,
      0.11405,
      0.04935,
      0.0004,
      0.0
    ]
  },
  "Nott'm Forest": {
    "title_prob": 0.0,
    "top4_prob": 0.0,
    "relegation_prob": 0.10485,
    "expected_points": 40.50405,
    "position_distribution": [
      0.0,
      0.0,
      0.0,
      0.0,
      0.0,
      0.0,
      0.0,
      0.0,
      0.0,
      0.0001,
      0.0007,
      0.0017,
      0.006,
      0.0325,
      0.2235,
      0.3955,
      0.23515,
      0.1031,
      0.00175,
      0.0
    ]
  },
  "Tottenham": {
    "title_prob": 0.0,
    "top4_prob": 0.0,
    "relegation_prob": 0.3371,
    "expected_points": 38.23825,
    "position_distribution": [
      0.0,
      0.0,
      0.0,
      0.0,
      0.0,
      0.0,
      0.0,
      0.0,
      0.0,
      0.0,
      5e-05,
      0.00015,
      0.00125,
      0.0085,
      0.08905,
      0.19385,
      0.37005,
      0.33055,
      0.00655,
      0.0
    ]
  },
  "West Ham": {
    "title_prob": 0.0,
    "top4_prob": 0.0,
    "relegation_prob": 0.511,
    "expected_points": 37.55385,
    "position_distribution": [
      0.0,
      0.0,
      0.0,
      0.0,
      0.0,
      0.0,
      0.0,
      0.0,
      0.0,
      0.0,
      0.0,
      0.00015,
      0.00105,
      0.00835,
      0.06185,
      0.14195,
      0.27565,
      0.4985,
      0.01235,
      0.00015
    ]
  },
  "Burnley": {
    "title_prob": 0.0,
    "top4_prob": 0.0,
    "relegation_prob": 0.99755,
    "expected_points": 27.77955,